{"predictions": [{"rec_labels": [[6]], "rec_scores": [[9.720623646438118e-23, 1.925914926684411e-19, 4.6036813732027615e-21, 1.5097833664697694e-19, 1.3965550391261323e-20, 3.437950437774698e-21, 1.0, 6.624425529312345e-20, 1.0834397446052778e-19, 4.8286513161418137e-20, 5.835404196288937e-21, 1.0373255240546976e-19, 1.1990350040352957e-18, 1.6898600119660136e-17, 1.6023803553079135e-20, 1.341897884617212e-18, 6.977014108846428e-19, 2.1199989330783687e-22, 6.967641587050706e-22, 1.925022768346405e-15, 3.148157969145045e-20, 2.464563624714187e-17, 5.458225633115523e-24, 1.4556745523315117e-22, 1.4911818581016476e-18, 2.1960305146377095e-23, 3.656164803113378e-20, 8.898688261476039e-18, 2.869906770323781e-22, 8.429794391353637e-20, 8.204910215896556e-22, 6.348667423776747e-20, 2.4012299914913216e-21, 1.4220740255046942e-21, 8.083415741021325e-20, 5.710630382454492e-21, 4.025417097646056e-21, 2.6556721453955037e-19, 1.4516295967269652e-18, 6.326808852972606e-21, 2.5574408590319105e-22, 5.124661775753036e-21, 1.233286711431784e-22, 1.0300346378133816e-19, 2.4981975312675574e-22, 1.5287555101154001e-22, 1.9160242608916897e-17, 1.2186267929994855e-20, 6.698524756325757e-20, 2.2613373113095173e-22, 1.0074484711876211e-20, 2.9735973336196407e-20, 2.80430693719545e-19, 1.7705577414438227e-19, 1.0588541919660972e-20, 1.3534585253153361e-20, 1.6297709549524438e-19, 2.4083169974218063e-17, 3.820815905373277e-18, 1.150089628591282e-21, 1.9900194892392423e-23, 3.4682467355030196e-21, 5.281144314367609e-22, 2.2176932346293665e-21, 4.328717328743472e-22, 2.938795809609746e-21, 7.039780379856496e-21, 3.10520855454279e-20, 4.312731497950388e-21, 3.1525562435583543e-20, 1.4871193931676407e-19, 1.2823327056424964e-21, 4.586520606666554e-21, 1.951302133659429e-19, 1.2313089096624725e-20, 6.340743418220175e-23, 7.753906276059295e-19, 2.4219946886367818e-20, 1.0833005756891993e-24, 1.2402751759175066e-20, 2.587420754117479e-21, 4.8161492670046566e-17, 1.5822765706251218e-18, 1.1255171557455374e-18, 6.377376225392466e-22, 1.414811809876553e-22, 2.4848834776971482e-21, 2.4380661354505426e-22, 5.036519380695689e-21, 4.159587166251221e-21, 3.6026114823578186e-21, 9.09984700592036e-19, 3.1307776443173415e-22, 1.0346523559124746e-22, 2.605596109373771e-21, 7.46071259564524e-23, 1.1998377468729646e-22, 2.182681482343674e-18, 1.5446017895210845e-20, 4.07616228562484e-21, 7.85178101583259e-17, 7.116829718090245e-17, 1.3341969323760167e-16, 8.837440346719385e-22, 7.237572875639528e-23, 5.3439910577728154e-21, 5.1396996607953086e-20, 2.0737100582185015e-23, 3.853892635021376e-21, 8.408577461965715e-17, 3.2680173058586825e-18, 2.0521500794711406e-21, 3.2107154416739284e-20, 6.304436861502012e-18, 2.770138932980628e-16, 1.349347307777742e-16, 6.659984483222108e-17, 4.2638616169544364e-17, 2.5772224613089775e-23, 7.845071092139683e-18, 1.6871274001329293e-19, 7.656106878545753e-22, 5.881444148298973e-20, 3.8255665458028366e-20, 3.929952667827451e-19, 1.1982021365560313e-19, 1.2829338302740493e-22, 3.302516786160373e-19, 6.531180625410024e-21, 5.874710522488782e-22, 3.1361102935495376e-21, 6.202689432706744e-20, 1.608875390402377e-17, 3.6993913232208387e-19, 3.2631045299511266e-21, 1.056678235910459e-22, 6.069170399647061e-24, 2.3407621597510933e-20, 1.1843866855186186e-20, 1.1049831994041026e-16, 2.5821467103085647e-20, 2.4729764490590657e-22, 4.2390352665257505e-23, 9.23442468917889e-23, 9.162899675292827e-18, 1.253364872902632e-19, 2.5068958523964353e-21, 3.0080955109503077e-22, 5.5154492087498025e-24, 2.8470096597202957e-21, 4.7195924741013417e-17, 1.012038869203409e-22, 2.38439949135496e-20, 8.423424939078266e-21, 3.4754631593333345e-22, 7.394321682077694e-17, 3.335071982168303e-23, 4.6469795122878675e-21, 6.124465288623077e-20, 1.0120200375158796e-21, 2.8285851001486007e-21, 7.193375864262802e-21, 2.2321280007997178e-23, 1.1804888190251933e-21, 1.0387579036076068e-21, 3.1842192472225924e-22, 1.4303149461480633e-23, 1.0408278746229067e-22, 5.506133747535274e-25, 1.5215935366202072e-22, 1.781639451433524e-22, 5.086948721389797e-23, 1.0664782233815835e-22, 2.3255112642783824e-24, 1.3840175982909853e-20, 1.1850000936610988e-22, 2.408755630621128e-19, 7.595045510384792e-23, 1.0605070385782653e-21, 5.649352778053078e-22, 1.5917622642995736e-19, 1.0839027718778515e-19, 3.6932804032570843e-22, 1.0001619793433093e-19, 2.8095625713889736e-20, 2.7074086737955157e-20, 3.0513778475737604e-22, 4.70402208119998e-19, 1.8453930041060424e-18, 3.2096696039645775e-23, 1.8215571743698675e-18, 1.934993880142034e-20, 8.720988258128552e-24, 1.9772580273055774e-19, 1.3402763260664773e-14, 3.816067475066916e-18, 3.676864674825091e-20, 4.4075909485484866e-18, 1.020319308622686e-21, 5.928309266486353e-23, 4.846789270555956e-21, 3.984892602970038e-24, 4.405007498907544e-23, 2.410221663500271e-15, 1.2005669522232667e-20, 1.527699509353235e-23, 1.6686909781127037e-22, 3.2482987340980572e-22, 6.120021777770019e-22, 1.7469212816223186e-20, 1.1576407561930648e-17, 1.5204535052332147e-18, 6.244279815411969e-21, 2.94645288483083e-20, 8.161488282447315e-22, 3.8571282521537795e-21, 3.986178202014212e-20, 3.13811030964194e-20, 1.1833868100010495e-23, 9.006390977091382e-20, 2.712906284571502e-22, 4.024081007086327e-21, 4.703138128855542e-21, 8.78249220881178e-22, 3.4242942725134476e-16, 6.781201822057537e-22, 1.4528745681723428e-20, 6.441725818241879e-23, 4.4678662329985104e-21, 7.452539977078156e-18, 1.1310239586064702e-22, 2.0631706051565974e-21, 5.409913879080954e-21, 2.5082949266205793e-19, 2.0621095683064134e-20, 6.933944074508757e-21, 4.323738008417458e-20, 1.0377989011823477e-22, 8.187788873725383e-19, 1.4810609091038006e-20, 1.0268791982314653e-21, 5.366360073331909e-21, 2.9440304295383016e-17, 1.5456148434333919e-21, 6.639138575317799e-23, 2.4671908800713024e-22, 3.9968757945507977e-23, 2.0207353915493818e-21, 2.1112524977451595e-20, 4.793999557059231e-20, 6.529586040908872e-21, 1.8944041832723002e-23, 7.112882789608297e-20, 4.986655470254894e-23, 1.5667268150564729e-25, 2.2385792462127107e-19, 1.3569798428764971e-19, 1.2393326676271426e-22, 4.612050518453109e-20, 2.927098704143831e-17, 1.637079871146174e-19, 4.088653924564741e-20, 2.853087296569608e-21, 3.448035538509631e-22, 7.71592298243617e-21, 9.965968147473344e-21, 6.104679758449791e-22, 4.357877161897296e-22, 1.3489748024985152e-19, 8.866214559419188e-21, 2.5950007355400175e-22, 5.116044940800224e-22, 6.1199221604149076e-24, 7.503263910645043e-24, 6.572021052567696e-20, 8.420533038108598e-21, 5.577671425819553e-18, 4.8569344307425917e-20, 5.5939845874906605e-21, 4.36504131451354e-14, 6.00479042934191e-21, 1.0603001172073822e-22, 1.479308951269678e-22, 3.2971651860910964e-20, 2.589820304908093e-21, 1.8657902860410998e-21, 8.96342651354741e-24, 9.431593315892749e-21, 8.030782900389066e-16, 3.0691267423527706e-19, 1.682262414908381e-19, 4.110882090006328e-18, 7.750412213453082e-20, 8.123237870070853e-18, 2.083156306575773e-20, 1.4185152303609947e-20, 2.9981763108191863e-21, 1.380572217364085e-23, 3.319287743832915e-20, 3.1690327360526107e-24, 3.453880429837467e-22, 5.178077739290472e-19, 4.013579690716025e-21, 9.742085333116688e-22, 4.713247766320071e-22, 1.249175322007264e-17, 4.1905846126397805e-19, 7.770620073249298e-23, 2.6462316977533495e-23, 6.50258826723698e-22, 3.562767216129485e-24, 1.0972887322023643e-22, 5.837916535256336e-22, 2.6897309395713017e-22, 1.0905272090393912e-17, 4.630641912639927e-23, 1.767628100358707e-20, 7.212455767368315e-18, 1.7856898798394866e-20, 1.8451940542440263e-20, 1.1453678774446156e-17, 3.5130506775275605e-23, 5.470383588941225e-22, 3.637378627178375e-23, 2.641580810514438e-24, 6.317568704308699e-22, 4.846377699733597e-23, 1.6173224037214036e-19, 2.669583305834212e-22, 2.2247334080007933e-22, 1.2455114909200829e-17, 1.356850466658815e-19, 2.297424874989733e-19, 2.575698284773667e-16, 3.619883391517767e-15, 1.0350990026461234e-21, 1.7205080152585653e-19, 2.3167114025515062e-23, 4.433009536687993e-22, 