{"predictions": [{"rec_labels": [[49]], "rec_scores": [[4.967898803442949e-07, 0.00012196062743896618, 5.7635126722743735e-05, 0.00026066770078614354, 2.040965591731947e-05, 1.9551196601241827e-05, 8.525956945959479e-05, 2.7628804673440754e-05, 2.678709279280156e-06, 0.0003603265795391053, 4.2166877278759785e-07, 9.948076694854535e-06, 7.729219942120835e-05, 0.0001668140321271494, 3.391116842976771e-05, 4.034461380797438e-05, 3.1723332085675793e-06, 2.070901700790273e-06, 1.518291264801519e-05, 2.525600848457543e-06, 1.7869655493996106e-05, 1.6103262169053778e-05, 1.710362340645588e-07, 2.3691503869827102e-08, 2.9556258596130647e-06, 3.303354333183961e-06, 7.642396667506546e-06, 6.691755697829649e-05, 7.231604740809416e-06, 4.470887233765097e-06, 6.712534377584234e-05, 7.286547042895108e-05, 4.473194621823495e-06, 6.846654287073761e-06, 4.815582997252932e-06, 2.6307413918402744e-06, 0.0012268295977264643, 0.00020771480922121555, 2.6686617275117896e-05, 8.215021807700396e-06, 6.7352375481277704e-06, 0.00021246295364107937, 6.093676802265691e-06, 1.4018565707374364e-05, 0.007124675437808037, 3.465980262262747e-05, 7.799887498549651e-06, 2.5356734113302082e-05, 0.00012618489563465118, 0.4971829056739807, 0.000639831181615591, 0.00021957143326289952, 2.1242174170765793e-06, 1.762065221555531e-05, 2.8591108275577426e-05, 1.586198413860984e-05, 2.630458084240672e-06, 0.0011314048897475004, 6.293607839324977e-06, 3.5964956623502076e-05, 6.066566129447892e-05, 9.223144843417685e-07, 1.205508851853665e-06, 0.00012070492084603757, 2.9692502721445635e-05, 6.110993854235858e-05, 3.1589288482791744e-06, 1.2119487109885085e-05, 5.612016025224875e-07, 8.188345236703753e-05, 8.012867510842625e-06, 3.039658440684434e-05, 1.4415412579182885e-06, 2.2791296942159534e-05, 2.6067851649713702e-05, 6.862195732537657e-05, 3.097848821198568e-05, 3.49589186043886e-06, 3.1454837312594464e-07, 1.449605497327866e-05, 5.579979074354924e-07, 1.2091340067854617e-05, 1.008359595289221e-05, 7.284796447493136e-05, 2.1376554286689498e-05, 0.004850042052567005, 2.528028744563926e-05, 8.074923971435055e-05, 3.04373970720917e-05, 8.226723730331287e-05, 2.1582820863841334e-06, 7.31939944671467e-05, 0.01548546552658081, 6.711250989610562e-06, 0.0003427690244279802, 1.0248926628264599e-05, 0.0001506350381532684, 1.0424570007216971e-07, 3.5191028473491315e-06, 1.813931157812476e-05, 8.611522935098037e-05, 6.403600127669051e-05, 7.569129593321122e-06, 1.7279015082749538e-05, 2.0336706256784964e-06, 8.798445196589455e-05, 9.210869393427856e-06, 3.6010103485750733e-06, 1.1908053920706152e-06, 2.97214683087077e-06, 1.2836694622819778e-05, 4.284698206902249e-06, 1.517884447821416e-05, 4.5692686398979276e-05, 4.6503087105520535e-06, 1.4722957530466374e-05, 7.849354005884379e-06, 1.6140702427946962e-05, 7.907843246357515e-05, 0.0009625625680200756, 0.0006085291970521212, 2.790525832097046e-05, 2.3315695216297172e-05, 1.617524048924679e-06, 1.3938251868239604e-06, 1.7892250980366953e-05, 8.807957101453212e-07, 4.615030775312334e-06, 0.00014343623479362577, 0.007785195484757423, 5.001336467103101e-05, 8.372333104489371e-05, 1.657309985603206e-05, 9.317333820035856e-07, 0.004780519753694534, 1.9632472685771063e-05, 8.847251592669636e-06, 4.699351484305225e-05, 1.604707540536765e-05, 1.0150042584200492e-07, 0.03380350023508072, 0.00031451869290322065, 2.373620191065129e-05, 0.00021658970217686146, 5.831242106069112e-06, 0.00407824432477355, 0.0012978618033230305, 1.652661921980325e-05, 4.009860276710242e-06, 5.180714197194902e-06, 0.0028161711525171995, 8.611773409938905e-06, 0.0005743696237914264, 9.94126639852766e-06, 3.917926676422212e-07, 1.3099815987516195e-05, 1.0032402315118816e-05, 5.269085522741079e-05, 0.07415740191936493, 2.2115185856819153e-05, 4.266321411705576e-06, 0.0006228319834917784, 1.2252631620413013e-07, 1.0464422302902676e-05, 2.4834320356603712e-05, 6.540171307278797e-05, 1.3118674360157456e-06, 1.357030760118505e-05, 0.0011133367661386728, 0.0002982769801747054, 3.900349111063406e-05, 7.883235230110586e-05, 5.634902208839776e-06, 1.4282198890214204e-06, 3.080715487158159e-06, 0.00017527543241158128, 0.000422352779423818, 1.0312724043615162e-05, 2.945855158031918e-06, 1.517359919489536e-06, 0.00027560736634768546, 1.4045937177797896e-06, 2.3275692910829093e-06, 0.001527808140963316, 8.090166375041008e-06, 4.336394340498373e-05, 0.00014936774095986038, 7.347619543907058e-07, 2.0289044186938554e-05, 9.688564205134753e-06, 1.736172748678655e-06, 3.2337407901650295e-05, 0.00017915155331138521, 0.00011031902977265418, 6.825791842857143e-06, 1.4222062418411952e-05, 1.0027200005424675e-05, 2.31789472309174e-05, 0.0001005805388558656, 5.494082984114357e-07, 0.001280180993489921, 4.693920800491469e-06, 9.285918167734053e-06, 0.0002084164589177817, 2.0280473108869046e-05, 8.173069545591716e-07, 2.896057594625745e-06, 9.448405648981861e-07, 1.770740891515743e-05, 0.0001232175127370283, 5.564979801420122e-06, 4.7935991460690275e-06, 3.0178909582900815e-05, 5.969116500637028e-06, 6.42997247268795e-06, 8.97387508302927e-06, 3.064673364860937e-05, 8.918099774746224e-05, 0.0008317722240462899, 0.00036717185867019, 0.00035965177812613547, 8.117935067275539e-06, 4.384655312605901e-06, 6.293541900959099e-06, 8.585770046920516e-06, 0.00043318516691215336, 2.4996668344101636e-06, 0.000217090142541565, 0.0013016375014558434, 1.4376058970810845e-05, 0.00022197002544999123, 4.9180321184394415e-06, 7.870431545597967e-06, 9.654841960582417e-06, 6.812599895056337e-05, 1.300975327467313e-05, 2.326354297110811e-05, 3.6816858482779935e-05, 2.4615490019641584e-06, 2.8968685001018457e-05, 2.0607594706234522e-06, 0.0001542825484648347, 1.0144642146769911e-05, 1.1160586836922448e-05, 0.00012566130317281932, 0.016097405925393105, 0.0012411100324243307, 6.181595381349325e-05, 5.1535258535295725e-05, 9.720095476950519e-06, 2.054508513538167e-05, 9.948024671757594e-05, 3.158523759339005e-05, 1.5507947637161124e-07, 0.00025218873634003103, 1.2301351489441004e-05, 1.857597271737177e-05, 1.4901287386237527e-06, 0.0009018505224958062, 0.007044091820716858, 1.494125353929121e-05, 3.961423135478981e-05, 6.337386002996936e-05, 0.0001275910035474226, 8.70367293828167e-05, 2.4497076083207503e-05, 8.462923142360523e-05, 8.694011739862617e-06, 4.045357127324678e-05, 7.597268449899275e-06, 4.2626874119378044e-07, 5.980822948004061e-07, 7.241211278596893e-06, 2.8416183340596035e-05, 3.895451754942769e-06, 7.991899474291131e-05, 6.2044605328992475e-06, 6.884580943733454e-05, 7.850588190194685e-06, 0.0019641369581222534, 5.839567165821791e-06, 0.00020302525081206113, 6.091099749028217e-07, 0.017230629920959473, 3.083351884924923e-06, 8.926204827730544e-06, 8.607659765402786e-06, 0.0019962198566645384, 0.06046031042933464, 4.070263457833789e-05, 5.421586138254497e-06, 1.4434293916565366e-05, 2.8252836273168214e-05, 1.6289657196466578e-06, 1.5493454839088372e-06, 5.665803109877743e-05, 5.807791603729129e-05, 1.4186583939590491e-05, 1.1397903108445462e-05, 7.1612867031944916e-06, 0.00010297978587914258, 2.7580404093896504e-06, 0.007327589672058821, 8.145469473674893e-05, 0.0002648883091751486, 0.00019651166803669184, 1.0551993909757584e-06, 1.9362875036676996e-07, 2.3899062284726824e-07, 1.6577233736825292e-06, 1.2764776613494178e-07, 4.689161869464442e-05, 2.4856888103386154e-06, 8.054764748521848e-07, 0.002595799043774605, 1.062722640199354e-05, 4.507848643697798e-06, 4.3945030370196037e-07, 1.151060132542625e-05, 1.7382828445988707e-05, 6.9727873778902e-05, 1.657785105635412e-06, 4.3110102865284716e-07, 1.0852895684365649e-06, 4.957605028721446e-07, 1.7847667550086044e-05, 7.091736188158393e-05, 9.109500751947053e-06, 1.1578167686820962e-05, 1.9937635897804284e-06, 0.0014179943827912211, 3.4030676033580676e-05, 8.1949665400316e-06, 0.000291871081572026, 0.0005629531224258244, 2.5815738808887545e-06, 3.0238991257647285e-06, 4.6992663556011394e-05, 9.138750465353951e-05, 1.1992194686172297e-06, 2.0006375507364282e-06, 